{
  "credentials": {
  "peers": [
    {
      "discovery_host": "aaa752bd00c343f894597f9eb46b0f19-vp0.us.blockchain.ibm.com",
      "discovery_port": 30004,
      "api_host": "aaa752bd00c343f894597f9eb46b0f19-vp0.us.blockchain.ibm.com",
      "api_port_tls": 5004,
      "api_port": 5004,
      "event_host": "aaa752bd00c343f894597f9eb46b0f19-vp0.us.blockchain.ibm.com",
      "event_port": 31004,
      "type": "peer",
      "network_id": "aaa752bd00c343f894597f9eb46b0f19",
      "container_id": "999383579ff7d8522348865c4b24ad0bac85ba791ba9576fd3d4849156b48156",
      "id": "aaa752bd00c343f894597f9eb46b0f19-vp0",
      "api_url": "http://aaa752bd00c343f894597f9eb46b0f19-vp0.us.blockchain.ibm.com:5004"
    },
    {
      "discovery_host": "aaa752bd00c343f894597f9eb46b0f19-vp2.us.blockchain.ibm.com",
      "discovery_port": 30004,
      "api_host": "aaa752bd00c343f894597f9eb46b0f19-vp2.us.blockchain.ibm.com",
      "api_port_tls": 5004,
      "api_port": 5004,
      "event_host": "aaa752bd00c343f894597f9eb46b0f19-vp2.us.blockchain.ibm.com",
      "event_port": 31004,
      "type": "peer",
      "network_id": "aaa752bd00c343f894597f9eb46b0f19",
      "container_id": "9abdaa3c154232273498fbe7dff2f12416955baefbfbfa3b630ed4ccf72d6b74",
      "id": "aaa752bd00c343f894597f9eb46b0f19-vp2",
      "api_url": "http://aaa752bd00c343f894597f9eb46b0f19-vp2.us.blockchain.ibm.com:5004"
    },
    {
      "discovery_host": "aaa752bd00c343f894597f9eb46b0f19-vp1.us.blockchain.ibm.com",
      "discovery_port": 30004,
      "api_host": "aaa752bd00c343f894597f9eb46b0f19-vp1.us.blockchain.ibm.com",
      "api_port_tls": 5004,
      "api_port": 5004,
      "event_host": "aaa752bd00c343f894597f9eb46b0f19-vp1.us.blockchain.ibm.com",
      "event_port": 31004,
      "type": "peer",
      "network_id": "aaa752bd00c343f894597f9eb46b0f19",
      "container_id": "9a0505038960f236e747f2366343b148d555711488f7d45de2a7865d6ec2982f",
      "id": "aaa752bd00c343f894597f9eb46b0f19-vp1",
      "api_url": "http://aaa752bd00c343f894597f9eb46b0f19-vp1.us.blockchain.ibm.com:5004"
    },
    {
      "discovery_host": "aaa752bd00c343f894597f9eb46b0f19-vp3.us.blockchain.ibm.com",
      "discovery_port": 30004,
      "api_host": "aaa752bd00c343f894597f9eb46b0f19-vp3.us.blockchain.ibm.com",
      "api_port_tls": 5004,
      "api_port": 5004,
      "event_host": "aaa752bd00c343f894597f9eb46b0f19-vp3.us.blockchain.ibm.com",
      "event_port": 31004,
      "type": "peer",
      "network_id": "aaa752bd00c343f894597f9eb46b0f19",
      "container_id": "fe3c10d51084a95ff888644797f0e71935f0cfc253dee560904be9bcbd2f3567",
      "id": "aaa752bd00c343f894597f9eb46b0f19-vp3",
      "api_url": "http://aaa752bd00c343f894597f9eb46b0f19-vp3.us.blockchain.ibm.com:5004"
    }
  ],
  "ca": {
    "aaa752bd00c343f894597f9eb46b0f19-ca": {
      "url": "aaa752bd00c343f894597f9eb46b0f19-ca.us.blockchain.ibm.com:30004",
      "discovery_host": "aaa752bd00c343f894597f9eb46b0f19-ca.us.blockchain.ibm.com",
      "discovery_port": 30004,
      "api_host": "aaa752bd00c343f894597f9eb46b0f19-ca.us.blockchain.ibm.com",
      "api_port_tls": 30004,
      "api_port": 30004,
      "type": "ca",
      "network_id": "aaa752bd00c343f894597f9eb46b0f19",
      "container_id": "27ddf9042acf0d14d45e4917381204389c0b4d4d1c8c8d4cd641485017e3ca62"
    }
  },
  "users": [
    {
      "enrollId": "admin",
      "enrollSecret": "59dc523c37",
      "affiliation": "group1",
      "username": "admin",
      "secret": "59dc523c37"
    },
    {
      "enrollId": "WebAppAdmin",
      "enrollSecret": "ececb54f01",
      "affiliation": "group1",
      "username": "WebAppAdmin",
      "secret": "ececb54f01"
    },
    {
      "enrollId": "user_type1_0",
      "enrollSecret": "aeb8e072f5",
      "affiliation": "group1",
      "username": "user_type1_0",
      "secret": "aeb8e072f5"
    },
    {
      "enrollId": "user_type1_1",
      "enrollSecret": "dfd94d90e6",
      "affiliation": "group1",
      "username": "user_type1_1",
      "secret": "dfd94d90e6"
    },
    {
      "enrollId": "user_type1_2",
      "enrollSecret": "1684c4a956",
      "affiliation": "group1",
      "username": "user_type1_2",
      "secret": "1684c4a956"
    },
    {
      "enrollId": "user_type1_3",
      "enrollSecret": "fa233e0fb8",
      "affiliation": "group1",
      "username": "user_type1_3",
      "secret": "fa233e0fb8"
    },
    {
      "enrollId": "user_type1_4",
      "enrollSecret": "61a7c6431c",
      "affiliation": "group1",
      "username": "user_type1_4",
      "secret": "61a7c6431c"
    },
    {
      "enrollId": "user_type2_0",
      "enrollSecret": "1e05867c47",
      "affiliation": "group1",
      "username": "user_type2_0",
      "secret": "1e05867c47"
    },
    {
      "enrollId": "user_type2_1",
      "enrollSecret": "c1a7ce9588",
      "affiliation": "group1",
      "username": "user_type2_1",
      "secret": "c1a7ce9588"
    },
    {
      "enrollId": "user_type2_2",
      "enrollSecret": "bcfa3cbf13",
      "affiliation": "group1",
      "username": "user_type2_2",
      "secret": "bcfa3cbf13"
    },
    {
      "enrollId": "user_type2_3",
      "enrollSecret": "9760fb81cb",
      "affiliation": "group1",
      "username": "user_type2_3",
      "secret": "9760fb81cb"
    },
    {
      "enrollId": "user_type2_4",
      "enrollSecret": "c22ddbc8b9",
      "affiliation": "group1",
      "username": "user_type2_4",
      "secret": "c22ddbc8b9"
    },
    {
      "enrollId": "user_type4_0",
      "enrollSecret": "10eb09832a",
      "affiliation": "group1",
      "username": "user_type4_0",
      "secret": "10eb09832a"
    },
    {
      "enrollId": "user_type4_1",
      "enrollSecret": "4cf3507472",
      "affiliation": "group1",
      "username": "user_type4_1",
      "secret": "4cf3507472"
    },
    {
      "enrollId": "user_type4_2",
      "enrollSecret": "c3a5aa13fa",
      "affiliation": "group1",
      "username": "user_type4_2",
      "secret": "c3a5aa13fa"
    },
    {
      "enrollId": "user_type4_3",
      "enrollSecret": "86524d2a7e",
      "affiliation": "group1",
      "username": "user_type4_3",
      "secret": "86524d2a7e"
    },
    {
      "enrollId": "user_type4_4",
      "enrollSecret": "08cd0cbfaa",
      "affiliation": "group1",
      "username": "user_type4_4",
      "secret": "08cd0cbfaa"
    },
    {
      "enrollId": "user_type8_0",
      "enrollSecret": "adf251bf53",
      "affiliation": "group1",
      "username": "user_type8_0",
      "secret": "adf251bf53"
    },
    {
      "enrollId": "user_type8_1",
      "enrollSecret": "5edd63c125",
      "affiliation": "group1",
      "username": "user_type8_1",
      "secret": "5edd63c125"
    },
    {
      "enrollId": "user_type8_2",
      "enrollSecret": "5065bd6c1d",
      "affiliation": "group1",
      "username": "user_type8_2",
      "secret": "5065bd6c1d"
    },
    {
      "enrollId": "user_type8_3",
      "enrollSecret": "34f4ae8c36",
      "affiliation": "group1",
      "username": "user_type8_3",
      "secret": "34f4ae8c36"
    },
    {
      "enrollId": "user_type8_4",
      "enrollSecret": "bd77afcf18",
      "affiliation": "group1",
      "username": "user_type8_4",
      "secret": "bd77afcf18"
    }
  ],
  "cert": "https://blockchain-certs.mybluemix.net/us.blockchain.ibm.com.cert",
  "cert_path": "/certs/peer/cert.pem"
}
}